[{"id":42,"name":"North Main Neighborhood Depository/Recycling Center","address":"9003 N Main St, Houston, TX 77022, USA","phone":"","materials_accepted":"Liquid waste, Solid waste, Slurry, Contaminated soil","hours":"Monday-Friday: 7:00 AM - 5:00 PM","lat":29.829513,"lng":-95.398444,"created_at":"2025-11-01T21:31:40.744506"}, {"id":43,"name":"Houston Solid Waste Management","address":"5100 Sunbeam St, Houston, TX 77033, USA","phone":"(713) 738-1936","materials_accepted":"Liquid waste, Solid waste, Slurry, Contaminated soil","hours":"Monday-Friday: 7:00 AM - 5:00 PM","lat":29.650560,"lng":-95.349027,"created_at":"2025-11-01T21:31:40.744506"}, {"id":44,"name":"Northeast Houston Solid Waste Depository","address":"5565 Kirkpatrick Blvd, Houston, TX 77028, USA","phone":"","materials_accepted":"Liquid waste, Solid waste, Slurry, Contaminated soil","hours":"Monday-Friday: 7:00 AM - 5:00 PM","lat":29.807704,"lng":-95.292855,"created_at":"2025-11-01T21:31:40.744506"}, {"id":45,"name":"Westside Pump Station: Recycle Drop Off Center","address":"101 N Cottonwood Dr, Richardson, TX 75080, USA","phone":"(972) 744-4100","materials_accepted":"Liquid waste, Solid waste, Slurry, Contaminated soil","hours":"Monday-Friday: 7:00 AM - 5:00 PM","lat":32.952034,"lng":-96.766473,"created_at":"2025-11-01T21:31:40.744506"}, {"id":46,"name":"Northwest Transfer Station Collection Center","address":"9500 Harry Hines Blvd, Dallas, TX 75220, USA","phone":"(214) 670-6161","materials_accepted":"Liquid waste, Solid waste, Slurry, Contaminated soil","hours":"Monday-Friday: 7:00 AM - 5:00 PM","lat":32.847711,"lng":-96.875849,"created_at":"2025-11-01T21:31:40.744506"}, {"id":47,"name":"Hunter Ferrell Landfill","address":"100-1098 E Hunter Ferrell Rd, Irving, TX 75060, USA","phone":"(972) 721-7322","materials_accepted":"Liquid waste, Solid waste, Slurry, Contaminated soil","hours":"Monday-Friday: 7:00 AM - 5:00 PM","lat":32.786001,"lng":-96.942684,"created_at":"2025-11-01T21:31:40.744506"}, {"id":48,"name":"Texas Disposal Systems Landfill","address":"3016 FM1327, Creedmoor, TX 78610, USA","phone":"(512) 421-1363","materials_accepted":"Liquid waste, Solid waste, Slurry, Contaminated soil","hours":"Monday-Friday: 7:00 AM - 5:00 PM","lat":30.102525,"lng":-97.760277,"created_at":"2025-11-01T21:31:40.744506"}, {"id":49,"name":"WastePlace","address":"401 Congress Ave. #1540, Austin, TX 78701, USA","phone":"(833) 757-7765","materials_accepted":"Liquid waste, Solid waste, Slurry, Contaminated soil","hours":"Monday-Friday: 7:00 AM - 5:00 PM","lat":30.266432,"lng":-97.742718,"created_at":"2025-11-01T21:31:40.744506"}, {"id":50,"name":"Austin Recycle & Reuse Drop-off Center","address":"2514 Business Center Dr, Austin, TX 78744, USA","phone":"(512) 974-4343","materials_accepted":"Liquid waste, Solid waste, Slurry, Contaminated soil","hours":"Monday-Friday: 7:00 AM - 5:00 PM","lat":30.213270,"lng":-97.738171,"created_at":"2025-11-01T21:31:40.744506"}, {"id":51,"name":"Waste Management - Phoenix Recycling Center","address":"3060 S 27th Ave, Phoenix, AZ 85009, USA","phone":"(602) 437-3165","materials_accepted":"Liquid waste, Solid waste, Slurry, Contaminated soil","hours":"Monday-Friday: 7:00 AM - 5:00 PM","lat":33.417373,"lng":-112.119203,"created_at":"2025-11-01T21:31:40.744506"}, {"id":52,"name":"City of Phoenix Transfer Station","address":"3060 S 27th Ave, Phoenix, AZ 85009, USA","phone":"(602) 262-7251","materials_accepted":"Liquid waste, Solid waste, Slurry, Contaminated soil","hours":"Monday-Friday: 7:00 AM - 5:00 PM","lat":33.416823,"lng":-112.118450,"created_at":"2025-11-01T21:31:40.744506"}, {"id":53,"name":"Waste Management Sky Harbor Transfer Station","address":"2425 S 40th St, Phoenix, AZ 85034, USA","phone":"(602) 454-2050","materials_accepted":"Liquid waste, Solid waste, Slurry, Contaminated soil","hours":"Monday-Friday: 7:00 AM - 5:00 PM","lat":33.424866,"lng":-111.993118,"created_at":"2025-11-01T21:31:40.744506"}, {"id":54,"name":"Express Disposal","address":"2221 E Washington Blvd, Los Angeles, CA 90021, USA","phone":"(213) 465-7775","materials_accepted":"Liquid waste, Solid waste, Slurry, Contaminated soil","hours":"Monday-Friday: 7:00 AM - 5:00 PM","lat":34.019312,"lng":-118.232307,"created_at":"2025-11-01T21:31:40.744506"}, {"id":55,"name":"California Waste Services","address":"621 W 152nd St, Gardena, CA 90247, USA","phone":"(800) 839-5550","materials_accepted":"Liquid waste, Solid waste, Slurry, Contaminated soil","hours":"Monday-Friday: 7:00 AM - 5:00 PM","lat":33.894790,"lng":-118.288475,"created_at":"2025-11-01T21:31:40.744506"}, {"id":56,"name":"Angeles Public Dump","address":"3424 Emery St, Los Angeles, CA 90023, USA","phone":"(818) 799-9680","materials_accepted":"Liquid waste, Solid waste, Slurry, Contaminated soil","hours":"Monday-Friday: 7:00 AM - 5:00 PM","lat":34.014983,"lng":-118.205833,"created_at":"2025-11-01T21:31:40.744506"}, {"id":57,"name":"Alameda County Household Hazardous Waste Collection Facility - Oakland","address":"2100 E 7th St, Oakland, CA 94606, USA","phone":"(800) 606-6606","materials_accepted":"Liquid waste, Solid waste, Slurry, Contaminated soil","hours":"Monday-Friday: 7:00 AM - 5:00 PM","lat":37.775481,"lng":-122.238531,"created_at":"2025-11-01T21:31:40.744506"}, {"id":58,"name":"Recology San Francisco","address":"501 Tunnel Ave, San Francisco, CA 94134, USA","phone":"(415) 330-1400","materials_accepted":"Liquid waste, Solid waste, Slurry, Contaminated soil","hours":"Monday-Friday: 7:00 AM - 5:00 PM","lat":37.708144,"lng":-122.401021,"created_at":"2025-11-01T21:31:40.744506"}, {"id":59,"name":"Alameda County Household Hazardous Waste Collection Facility - Hayward","address":"2091 W Winton Ave, Hayward, CA 94545, USA","phone":"(800) 606-6606","materials_accepted":"Liquid waste, Solid waste, Slurry, Contaminated soil","hours":"Monday-Friday: 7:00 AM - 5:00 PM","lat":37.652997,"lng":-122.133409,"created_at":"2025-11-01T21:31:40.744506"}, {"id":60,"name":"WM - Denver Arapahoe Disposal Site Landfill","address":"3500 S Gun Club Rd, Aurora, CO 80018, USA","phone":"(720) 876-2624","materials_accepted":"Liquid waste, Solid waste, Slurry, Contaminated soil","hours":"Monday-Friday: 7:00 AM - 5:00 PM","lat":39.652342,"lng":-104.713418,"created_at":"2025-11-01T21:31:40.744506"}, {"id":61,"name":"Lakewood Recycling Center","address":"1068 Quail St, Lakewood, CO 80215, USA","phone":"(303) 987-7974","materials_accepted":"Liquid waste, Solid waste, Slurry, Contaminated soil","hours":"Monday-Friday: 7:00 AM - 5:00 PM","lat":39.732673,"lng":-105.123397,"created_at":"2025-11-01T21:31:40.744506"}, {"id":62,"name":"Western Disposal Materials Management Center","address":"2051 63rd St, Boulder, CO 80301, USA","phone":"(303) 444-2037","materials_accepted":"Liquid waste, Solid waste, Slurry, Contaminated soil","hours":"Monday-Friday: 7:00 AM - 5:00 PM","lat":40.020934,"lng":-105.213148,"created_at":"2025-11-01T21:31:40.744506"}, {"id":63,"name":"City of Chicago 18th snow yard Drop-off Center","address":"1758 S Clark St, Chicago, IL 60616, USA","phone":"(312) 744-5000","materials_accepted":"Liquid waste, Solid waste, Slurry, Contaminated soil","hours":"Monday-Friday: 7:00 AM - 5:00 PM","lat":41.859638,"lng":-87.630454,"created_at":"2025-11-01T21:31:40.744506"}, {"id":64,"name":"Republic Services Recycling Center & Transfer Station","address":"2351 S Laflin St, Chicago, IL 60608, USA","phone":"(312) 226-1226","materials_accepted":"Liquid waste, Solid waste, Slurry, Contaminated soil","hours":"Monday-Friday: 7:00 AM - 5:00 PM","lat":41.849510,"lng":-87.662812,"created_at":"2025-11-01T21:31:40.744506"}, {"id":65,"name":"Household Chemicals and Computer Recycling Facility","address":"1150 N North Branch St, Chicago, IL 60642, USA","phone":"(312) 744-3060","materials_accepted":"Liquid waste, Solid waste, Slurry, Contaminated soil","hours":"Monday-Friday: 7:00 AM - 5:00 PM","lat":41.902627,"lng":-87.655161,"created_at":"2025-11-01T21:31:40.744506"}, {"id":66,"name":"Interstate Waste Services","address":"375 US-1 Truck, Jersey City, NJ 07306, USA","phone":"(866) 342-5497","materials_accepted":"Liquid waste, Solid waste, Slurry, Contaminated soil","hours":"Monday-Friday: 7:00 AM - 5:00 PM","lat":40.736263,"lng":-74.081757,"created_at":"2025-11-01T21:31:40.744506"}, {"id":67,"name":"Interstate Waste Services","address":"540 Doremus Ave, Newark, NJ 07105, USA","phone":"(866) 342-5497","materials_accepted":"Liquid waste, Solid waste, Slurry, Contaminated soil","hours":"Monday-Friday: 7:00 AM - 5:00 PM","lat":40.715160,"lng":-74.127655,"created_at":"2025-11-01T21:31:40.744506"}, {"id":68,"name":"50TH ST TRANSFER STATION","address":"110 50th St #120, Brooklyn, NY 11232, USA","phone":"(718) 680-3733","materials_accepted":"Liquid waste, Solid waste, Slurry, Contaminated soil","hours":"Monday-Friday: 7:00 AM - 5:00 PM","lat":40.649849,"lng":-74.018355,"created_at":"2025-11-01T21:31:40.744506"}, {"id":69,"name":"Southern Waste and Recycling","address":"5901 Peachtree Dunwoody Rd, Atlanta, GA 30328, USA","phone":"(678) 671-2346","materials_accepted":"Liquid waste, Solid waste, Slurry, Contaminated soil","hours":"Monday-Friday: 7:00 AM - 5:00 PM","lat":33.916467,"lng":-84.349555,"created_at":"2025-11-01T21:31:40.744506"}, {"id":70,"name":"WG Waste","address":"1073 Ridge Ave SW, Atlanta, GA 30315, USA","phone":"(404) 709-8898","materials_accepted":"Liquid waste, Solid waste, Slurry, Contaminated soil","hours":"Monday-Friday: 7:00 AM - 5:00 PM","lat":33.725008,"lng":-84.390961,"created_at":"2025-11-01T21:31:40.744506"}, {"id":71,"name":"College Park Recycling Drop off Center","address":"1904 Harvard Ave, Atlanta, GA 30337, USA","phone":"(404) 767-1537","materials_accepted":"Liquid waste, Solid waste, Slurry, Contaminated soil","hours":"Monday-Friday: 7:00 AM - 5:00 PM","lat":33.653083,"lng":-84.451539,"created_at":"2025-11-01T21:31:40.744506"}, {"id":72,"name":"Wheelabrator South Broward","address":"4400 South State Road 7, Fort Lauderdale, FL 33314, USA","phone":"(954) 581-6606","materials_accepted":"Liquid waste, Solid waste, Slurry, Contaminated soil","hours":"Monday-Friday: 7:00 AM - 5:00 PM","lat":26.069113,"lng":-80.204796,"created_at":"2025-11-01T21:31:40.744506"}, {"id":73,"name":"West Little River TRC","address":"1830 NW 79th St, Miami, FL 33147, USA","phone":"","materials_accepted":"Liquid waste, Solid waste, Slurry, Contaminated soil","hours":"Monday-Friday: 7:00 AM - 5:00 PM","lat":25.845897,"lng":-80.227699,"created_at":"2025-11-01T21:31:40.744506"}, {"id":74,"name":"Sunset-Kendall Trash and Recycling Center","address":"8000 SW 107th Ave, Miami, FL 33173, USA","phone":"(305) 468-5900","materials_accepted":"Liquid waste, Solid waste, Slurry, Contaminated soil","hours":"Monday-Friday: 7:00 AM - 5:00 PM","lat":25.694552,"lng":-80.369465,"created_at":"2025-11-01T21:31:40.744506"}, {"id":75,"name":"North Transfer Station","address":"1350 N 34th St, Seattle, WA 98103, USA","phone":"(206) 684-8400","materials_accepted":"Liquid waste, Solid waste, Slurry, Contaminated soil","hours":"Monday-Friday: 7:00 AM - 5:00 PM","lat":47.648666,"lng":-122.340231,"created_at":"2025-11-01T21:31:40.744506"}, {"id":76,"name":"Shoreline Recycling & Transfer Station","address":"2300 N 165th St, Shoreline, WA 98133, USA","phone":"(206) 477-4466","materials_accepted":"Liquid waste, Solid waste, Slurry, Contaminated soil","hours":"Monday-Friday: 7:00 AM - 5:00 PM","lat":47.749567,"lng":-122.330848,"created_at":"2025-11-01T21:31:40.744506"}, {"id":77,"name":"Houghton Recycling & Transfer Station","address":"11724 NE 60th St, Kirkland, WA 98033, USA","phone":"(206) 477-4466","materials_accepted":"Liquid waste, Solid waste, Slurry, Contaminated soil","hours":"Monday-Friday: 7:00 AM - 5:00 PM","lat":47.661247,"lng":-122.183564,"created_at":"2025-11-01T21:31:40.744506"}, {"id":78,"name":"Recycle Boston","address":"516 E 2nd St, Boston, MA 02127, USA","phone":"(617) 230-9583","materials_accepted":"Liquid waste, Solid waste, Slurry, Contaminated soil","hours":"Monday-Friday: 7:00 AM - 5:00 PM","lat":42.337429,"lng":-71.041884,"created_at":"2025-11-01T21:31:40.744506"}, {"id":79,"name":"Wellesley Recycling and Disposal Facility","address":"169 Great Plain Ave, Wellesley, MA 02482, USA","phone":"(781) 235-7600","materials_accepted":"Liquid waste, Solid waste, Slurry, Contaminated soil","hours":"Monday-Friday: 7:00 AM - 5:00 PM","lat":42.288855,"lng":-71.273927,"created_at":"2025-11-01T21:31:40.744506"}, {"id":80,"name":"Organic Waste Management, LLC","address":"1130 Eastern Ave, Malden, MA 02148, USA","phone":"(978) 685-2000","materials_accepted":"Liquid waste, Solid waste, Slurry, Contaminated soil","hours":"Monday-Friday: 7:00 AM - 5:00 PM","lat":42.430803,"lng":-71.037909,"created_at":"2025-11-01T21:31:40.744506"}, {"id":81,"name":"Sanitation Convenience Center (Strawberry Mansion)","address":"2564 W Glenwood Ave, Philadelphia, PA 19121, USA","phone":"(215) 685-3981","materials_accepted":"Liquid waste, Solid waste, Slurry, Contaminated soil","hours":"Monday-Friday: 7:00 AM - 5:00 PM","lat":39.986473,"lng":-75.177155,"created_at":"2025-11-01T21:31:40.744506"}, {"id":82,"name":"Sanitation Convenience Center","address":"3033 S 63rd St, Philadelphia, PA 19153, USA","phone":"(215) 685-4290","materials_accepted":"Liquid waste, Solid waste, Slurry, Contaminated soil","hours":"Monday-Friday: 7:00 AM - 5:00 PM","lat":39.917849,"lng":-75.217363,"created_at":"2025-11-01T21:31:40.744506"}, {"id":83,"name":"Northwest Sanitation Convenience Center","address":"320 Domino Ln, Philadelphia, PA 19128, USA","phone":"(215) 685-2503","materials_accepted":"Liquid waste, Solid waste, Slurry, Contaminated soil","hours":"Monday-Friday: 7:00 AM - 5:00 PM","lat":40.039916,"lng":-75.238718,"created_at":"2025-11-01T21:31:40.744506"}, {"id":84,"name":"LoadUp","address":"1771 E Flamingo Rd #112b, Las Vegas, NV 89119, USA","phone":"(844) 239-7711","materials_accepted":"Liquid waste, Solid waste, Slurry, Contaminated soil","hours":"Monday-Friday: 7:00 AM - 5:00 PM","lat":36.114066,"lng":-115.129023,"created_at":"2025-11-01T21:31:40.744506"}, {"id":85,"name":"Republic Services Southern Nevada Recycling Center","address":"360 W Cheyenne Ave, North Las Vegas, NV 89030, USA","phone":"(702) 735-5151","materials_accepted":"Liquid waste, Solid waste, Slurry, Contaminated soil","hours":"Monday-Friday: 7:00 AM - 5:00 PM","lat":36.215998,"lng":-115.143846,"created_at":"2025-11-01T21:31:40.744506"}, {"id":86,"name":"Republic Services","address":"560 Cape Horn Dr, Henderson, NV 89011, USA","phone":"(702) 735-5151","materials_accepted":"Liquid waste, Solid waste, Slurry, Contaminated soil","hours":"Monday-Friday: 7:00 AM - 5:00 PM","lat":36.060717,"lng":-115.018100,"created_at":"2025-11-01T21:31:40.744506"}, {"id":87,"name":"Tipton County Solid Waste Management & Recycling","address":"814 Development Dr, Tipton, IN 46072, USA","phone":"(765) 675-9006","materials_accepted":"","hours":"","lat":40.294239,"lng":-86.051281,"created_at":"2025-11-02T13:58:03.458053"}, {"id":88,"name":"Wabash County Solid Waste Management District","address":"1101 Manchester Ave, Wabash, IN 46992, USA","phone":"(260) 563-7649","materials_accepted":"","hours":"","lat":40.818372,"lng":-85.804443,"created_at":"2025-11-02T13:58:03.582017"}, {"id":89,"name":"Jay County Solid Waste Management District","address":"5948 IN-67, Portland, IN 47371, USA","phone":"(260) 729-5071","materials_accepted":"","hours":"","lat":40.380878,"lng":-85.094024,"created_at":"2025-11-02T13:58:03.659217"}, {"id":90,"name":"Central Waste","address":"2025 E 38th St, Marion, IN 46953, USA","phone":"(765) 674-3309","materials_accepted":"","hours":"","lat":40.525511,"lng":-85.630524,"created_at":"2025-11-02T13:58:03.758394"}, {"id":91,"name":"East central Recycling","address":"701 E Centennial Ave, Muncie, IN 47303, USA","phone":"(765) 282-1900","materials_accepted":"","hours":"","lat":40.208520,"lng":-85.378171,"created_at":"2025-11-02T13:58:03.854105"}, {"id":92,"name":"Reliable Trash Company","address":"10150 Mc Crory Dr, Fort Wayne, IN 46819, USA","phone":"(260) 800-7070","materials_accepted":"","hours":"","lat":40.991244,"lng":-85.124324,"created_at":"2025-11-02T13:58:03.957587"}, {"id":93,"name":"BUNN BOX KOKOMO","address":"1110 S Dixon Rd, Kokomo, IN 46902, USA","phone":"","materials_accepted":"","hours":"","lat":40.474462,"lng":-86.164689,"created_at":"2025-11-02T13:58:04.03481"}, {"id":94,"name":"Tonner Transfer Station","address":"3626 E 550 S, Bluffton, IN 46714, USA","phone":"(260) 296-3499","materials_accepted":"","hours":"","lat":40.661147,"lng":-85.152008,"created_at":"2025-11-02T13:58:04.123042"}, {"id":95,"name":"Salty Dog Trash","address":"5473 IN-9, Anderson, IN 46012, USA","phone":"(317) 660-5099","materials_accepted":"","hours":"","lat":40.185794,"lng":-85.674519,"created_at":"2025-11-02T13:58:04.205801"}, {"id":96,"name":"Republic Services","address":"316 Spring Valley Rd, Wabash, IN 46992, USA","phone":"(800) 989-2539","materials_accepted":"","hours":"","lat":40.823715,"lng":-85.798335,"created_at":"2025-11-02T13:58:04.279275"}, {"id":97,"name":"Touby Pike Recycling Center LLC","address":"1488 Touby Pike, Kokomo, IN 46901, USA","phone":"(765) 454-7600","materials_accepted":"","hours":"","lat":40.500767,"lng":-86.102219,"created_at":"2025-11-02T13:58:04.349036"}, {"id":98,"name":"WM - Jay County Landfill","address":"5825 W 400 S, Portland, IN 47371, USA","phone":"(866) 676-7150","materials_accepted":"","hours":"","lat":40.379649,"lng":-85.090547,"created_at":"2025-11-02T13:58:04.418465"}, {"id":99,"name":"H & H Disposal","address":"1450 E Tipton St, Huntington, IN 46750, USA","phone":"(260) 375-2777","materials_accepted":"","hours":"","lat":40.900187,"lng":-85.469555,"created_at":"2025-11-02T13:58:04.496927"}, {"id":100,"name":"Wabash Valley Refuse","address":"Marion, IN 46952, USA","phone":"(765) 662-1611","materials_accepted":"","hours":"","lat":40.558374,"lng":-85.659144,"created_at":"2025-11-02T13:58:04.563217"}, {"id":101,"name":"Fluid Waste Services, Inc.","address":"21787 Riverwood Ave, Noblesville, IN 46062, USA","phone":"(317) 773-7996","materials_accepted":"","hours":"","lat":40.105479,"lng":-85.971452,"created_at":"2025-11-02T13:58:04.644319"}, {"id":102,"name":"Manifold Refuse","address":"5238 IN-32 west, Anderson, IN 46011, USA","phone":"(765) 644-8289","materials_accepted":"","hours":"","lat":40.102261,"lng":-85.772244,"created_at":"2025-11-02T13:58:04.723108"}, {"id":103,"name":"Grant County Recycling Center","address":"3939 S Garthwaite Rd, Gas City, IN 46933, USA","phone":"(765) 677-6044","materials_accepted":"","hours":"","lat":40.506454,"lng":-85.612755,"created_at":"2025-11-02T13:58:04.799553"}, {"id":104,"name":"Hoosier Waste Inc.","address":"2408 N Washington St #1, Kokomo, IN 46901, USA","phone":"(765) 627-2030","materials_accepted":"","hours":"","lat":40.509409,"lng":-86.133290,"created_at":"2025-11-02T13:58:04.885272"}, {"id":105,"name":"Madison County Recycling Center","address":"2031 Mounds Rd, Anderson, IN 46016, USA","phone":"(765) 641-7978","materials_accepted":"","hours":"","lat":40.092316,"lng":-85.653814,"created_at":"2025-11-02T13:58:04.964672"}, {"id":106,"name":"Elwood Recycling Center","address":"1033 S H St, Elwood, IN 46036, USA","phone":"(765) 552-7080","materials_accepted":"","hours":"","lat":40.269339,"lng":-85.847841,"created_at":"2025-11-02T13:58:05.053354"}, {"id":107,"name":"Final Test Disposal 4YHg_R","address":"1 Infinite Loop, Cupertino, CA 95014","phone":"(408) 996-1010","materials_accepted":"Liquid waste, contaminated soil","hours":"Mon-Fri: 7am-6pm","lat":37.331860,"lng":-122.030249,"created_at":"2025-11-04T22:49:56.534275"}, {"id":108,"name":"Test Disposal Facility","address":"456 Industrial Pkwy, Dallas, TX 75001","phone":"(555) 123-4567","materials_accepted":"Liquid waste, slurry","hours":"Mon-Fri: 8am-5pm","lat":32.976226,"lng":-96.827853,"created_at":"2025-11-04T23:18:22.141129"}, {"id":109,"name":"Houston Material Recovery Facility","address":"2500 Disposal Rd, Houston, TX 77020","phone":"(713) 555-0600","materials_accepted":"Excavated soil, Concrete, Asphalt, Clean fill","hours":"Mon-Fri: 6AM-6PM, Sat: 7AM-3PM","lat":29.775200,"lng":-95.292000,"created_at":"2025-11-05T16:09:54.859232"}, {"id":110,"name":"Dallas Waste Management Center","address":"1800 Landfill Way, Dallas, TX 75220","phone":"(214) 555-0700","materials_accepted":"Soil, Rocks, Construction debris, Yard waste","hours":"Mon-Sat: 7AM-5PM","lat":32.849700,"lng":-96.850300,"created_at":"2025-11-05T16:09:54.859232"}, {"id":111,"name":"Chicago Environmental Services","address":"4200 Recycling Blvd, Chicago, IL 60609","phone":"(312) 555-0800","materials_accepted":"Clean soil, Gravel, Concrete, Asphalt millings","hours":"Mon-Fri: 6AM-5PM","lat":41.811900,"lng":-87.687300,"created_at":"2025-11-05T16:09:54.859232"}, {"id":112,"name":"LA County Disposal Facility","address":"5600 Waste Management Dr, Los Angeles, CA 90058","phone":"(213) 555-0900","materials_accepted":"Excavated materials, Construction waste, Contaminated soil (with permit)","hours":"Mon-Sat: 6AM-6PM","lat":34.019500,"lng":-118.206400,"created_at":"2025-11-05T16:09:54.859232"}, {"id":113,"name":"Houston Material Recovery Facility","address":"2500 Disposal Rd, Houston, TX 77020","phone":"(713) 555-0600","materials_accepted":"Excavated soil, Concrete, Asphalt, Clean fill","hours":"Mon-Fri: 6AM-6PM, Sat: 7AM-3PM","lat":29.775200,"lng":-95.292000,"created_at":"2025-11-06T13:42:28.557929"}, {"id":114,"name":"Dallas Waste Management Center","address":"1800 Landfill Way, Dallas, TX 75220","phone":"(214) 555-0700","materials_accepted":"Soil, Rocks, Construction debris, Yard waste","hours":"Mon-Sat: 7AM-5PM","lat":32.849700,"lng":-96.850300,"created_at":"2025-11-06T13:42:28.557929"}, {"id":115,"name":"Chicago Environmental Services","address":"4200 Recycling Blvd, Chicago, IL 60609","phone":"(312) 555-0800","materials_accepted":"Clean soil, Gravel, Concrete, Asphalt millings","hours":"Mon-Fri: 6AM-5PM","lat":41.811900,"lng":-87.687300,"created_at":"2025-11-06T13:42:28.557929"}, {"id":116,"name":"LA County Disposal Facility","address":"5600 Waste Management Dr, Los Angeles, CA 90058","phone":"(213) 555-0900","materials_accepted":"Excavated materials, Construction waste, Contaminated soil (with permit)","hours":"Mon-Sat: 6AM-6PM","lat":34.019500,"lng":-118.206400,"created_at":"2025-11-06T13:42:28.557929"}]
